Lines Executed,time in seconds with test
100,0.03154760
1000,0.42999390
2000,0.86326400
3000,1.42166360
4000,1.86647990
5000,2.31054960
6000,2.77662910
7000,3.16631700
8000,3.55846090
9000,3.99673230
10000,4.39598890
