Lines Executed,time in seconds with test
100,0.02574130
1000,0.31892260
2000,0.64239490
3000,0.94941610
4000,1.28134190
5000,1.57804360
6000,1.93008690
7000,2.36825360
8000,2.81960400
9000,3.27102260
10000,3.81756100
