Lines Executed,time in seconds with test
100,0.02802970
1000,0.33151020
2000,0.74374300
3000,1.12851650
4000,1.46826250
5000,1.82166260
6000,2.17773560
7000,2.53409210
8000,2.92093890
9000,3.24353850
10000,3.58625040
