Lines Executed,time in seconds without test
100,0.00282690
1000,0.01765800
2000,0.03358170
3000,0.04999560
4000,0.06560420
5000,0.08218180
6000,0.09821500
7000,0.11509590
8000,0.13154560
9000,0.14900420
10000,0.16490330
