Lines Executed,time in seconds without test
100,0.00135950
1000,0.01460510
2000,0.02770990
3000,0.04209410
4000,0.05737710
5000,0.08468710
6000,0.10926490
7000,0.13288670
8000,0.15192700
9000,0.17375190
10000,0.19529000
