Lines Executed,time in seconds without test
100,0.00098870
1000,0.00950020
2000,0.01870760
3000,0.02779210
4000,0.03671710
5000,0.04619100
6000,0.05518620
7000,0.09733440
8000,0.10996980
9000,0.12236890
10000,0.13578910
